population,origin,destination,toFromPrefix,shareOfCar,shareOfScooter,shareOfTrain,shareOfTaxi,shareOfMRT,shareOfBus,shareOfBike,shareOfWalk
680,C02,C02,基隆市七堵區-基隆市七堵區,0.148529412,0.505882353,0.020588235,0,0,0.098529412,0,0.226470588
10,C02,C05,基隆市七堵區-基隆市中山區,0,0,0,0,0,1,0,0
93,C02,C01,基隆市七堵區-基隆市中正區,0.182795699,0.537634409,0.172043011,0,0,0.107526882,0,0
84,C02,C04,基隆市七堵區-基隆市仁愛區,0,0.392857143,0,0,0,0.607142857,0,0
64,C02,C07,基隆市七堵區-基隆市信義區,0.3125,0.25,0.21875,0,0,0.21875,0,0
69,C02,C06,基隆市七堵區-基隆市安樂區,0.623188406,0.376811594,0,0,0,0,0,0
48,C02,F18,基隆市七堵區-新北市中和區,0.708333333,0.291666667,0,0,0,0,0,0
30,C02,F01,基隆市七堵區-新北市新莊區,1,0,0,0,0,0,0,0
341,C02,F28,基隆市七堵區-新北市汐止區,0.357771261,0.472140762,0.041055718,0,0,0.129032258,0,0
20,C02,F27,基隆市七堵區-新北市淡水區,0,1,0,0,0,0,0,0
20,C02,F21,基隆市七堵區-新北市瑞芳區,0,0,1,0,0,0,0,0
16,C02,H03,基隆市七堵區-桃園市中壢區,1,0,0,0,0,0,0,0
20,C02,A10,基隆市七堵區-臺北市中山區,1,0,0,0,0,0,0,0
45,C02,A03,基隆市七堵區-臺北市中正區,1,0,0,0,0,0,0,0
41,C02,A17,基隆市七堵區-臺北市信義區,0.609756098,0,0.390243902,0,0,0,0,0
57,C02,A14,基隆市七堵區-臺北市內湖區,0.175438596,0.280701754,0.298245614,0,0.245614035,0,0,0
85,C02,A13,基隆市七堵區-臺北市南港區,0,0.623529412,0.376470588,0,0,0,0,0
14,C02,A15,基隆市七堵區-臺北市士林區,0,0,1,0,0,0,0,0
37,C02,A02,基隆市七堵區-臺北市大安區,0.621621622,0,0.378378378,0,0,0,0,0
30,C02,A01,基隆市七堵區-臺北市松山區,0,0,1,0,0,0,0,0
79,C05,C02,基隆市中山區-基隆市七堵區,0.506329114,0.202531646,0,0,0,0.291139241,0,0
561,C05,C05,基隆市中山區-基隆市中山區,0.14973262,0.427807487,0,0,0,0.311942959,0,0.110516934
160,C05,C01,基隆市中山區-基隆市中正區,0,0.8375,0,0,0,0.1625,0,0
367,C05,C04,基隆市中山區-基隆市仁愛區,0.038147139,0.534059946,0,0,0,0.384196185,0,0.04359673
142,C05,C07,基隆市中山區-基隆市信義區,0.161971831,0.478873239,0,0,0,0.14084507,0,0.218309859
195,C05,C06,基隆市中山區-基隆市安樂區,0,0.666666667,0,0,0,0.251282051,0,0.082051282
43,C05,C03,基隆市中山區-基隆市暖暖區,0.534883721,0.465116279,0,0,0,0,0,0
20,C05,F14,基隆市中山區-新北市板橋區,0,1,0,0,0,0,0,0
74,C05,F28,基隆市中山區-新北市汐止區,0.459459459,0.27027027,0,0,0,0,0.27027027,0
16,C05,F31,基隆市中山區-新北市石門區,1,0,0,0,0,0,0,0
15,C05,F24,基隆市中山區-新北市貢寮區,0,1,0,0,0,0,0,0
25,C05,F25,基隆市中山區-新北市金山區,0,1,0,0,0,0,0,0
73,C05,A10,基隆市中山區-臺北市中山區,0.589041096,0,0,0,0,0.410958904,0,0
65,C05,A17,基隆市中山區-臺北市信義區,0.384615385,0,0,0,0,0.615384615,0,0
83,C05,A14,基隆市中山區-臺北市內湖區,0.192771084,0,0,0,0,0.807228916,0,0
28,C05,A13,基隆市中山區-臺北市南港區,0.5,0,0,0,0,0.5,0,0
16,C05,A15,基隆市中山區-臺北市士林區,1,0,0,0,0,0,0,0
23,C05,A02,基隆市中山區-臺北市大安區,0,0,0,0,0,1,0,0
44,C05,A01,基隆市中山區-臺北市松山區,0.318181818,0.363636364,0,0,0,0.318181818,0,0
55,C01,C02,基隆市中正區-基隆市七堵區,0.290909091,0.709090909,0,0,0,0,0,0
28,C01,C05,基隆市中正區-基隆市中山區,0,0,0,0,0,1,0,0
852,C01,C01,基隆市中正區-基隆市中正區,0.134976526,0.544600939,0,0.019953052,0,0.224178404,0,0.07629108
194,C01,C04,基隆市中正區-基隆市仁愛區,0.18556701,0.304123711,0,0.087628866,0,0.422680412,0,0
187,C01,C07,基隆市中正區-基隆市信義區,0.085561497,0.689839572,0,0,0,0.22459893,0,0
60,C01,C06,基隆市中正區-基隆市安樂區,0.233333333,0.483333333,0,0,0,0.283333333,0,0
15,C01,C03,基隆市中正區-基隆市暖暖區,0,1,0,0,0,0,0,0
16,C01,F15,基隆市中正區-新北市三峽區,1,0,0,0,0,0,0,0
20,C01,F03,基隆市中正區-新北市五股區,1,0,0,0,0,0,0,0
54,C01,F28,基隆市中正區-新北市汐止區,0.62962963,0.37037037,0,0,0,0,0,0
39,C01,F21,基隆市中正區-新北市瑞芳區,0,1,0,0,0,0,0,0
16,C01,F26,基隆市中正區-新北市萬里區,0,1,0,0,0,0,0,0
14,C01,H05,基隆市中正區-桃園市蘆竹區,1,0,0,0,0,0,0,0
20,C01,H12,基隆市中正區-桃園市觀音區,1,0,0,0,0,0,0,0
72,C01,A10,基隆市中正區-臺北市中山區,0.277777778,0,0,0,0,0.722222222,0,0
43,C01,A03,基隆市中正區-臺北市中正區,0.465116279,0,0,0,0,0.534883721,0,0
57,C01,A14,基隆市中正區-臺北市內湖區,0.350877193,0,0,0,0,0.649122807,0,0
84,C01,A02,基隆市中正區-臺北市大安區,0.19047619,0,0,0,0,0.80952381,0,0
49,C01,A01,基隆市中正區-臺北市松山區,0,0.306122449,0,0,0,0.693877551,0,0
86,C04,C02,基隆市仁愛區-基隆市七堵區,0,0.372093023,0.627906977,0,0,0,0,0
60,C04,C05,基隆市仁愛區-基隆市中山區,0,0.766666667,0,0,0,0.233333333,0,0
103,C04,C01,基隆市仁愛區-基隆市中正區,0,0.388349515,0,0.155339806,0,0.097087379,0,0.359223301
696,C04,C04,基隆市仁愛區-基隆市仁愛區,0.064655172,0.576149425,0,0.024425287,0,0.110632184,0.024425287,0.199712644
169,C04,C07,基隆市仁愛區-基隆市信義區,0.094674556,0.609467456,0,0,0,0.100591716,0,0.195266272
104,C04,C06,基隆市仁愛區-基隆市安樂區,0,0.596153846,0,0,0,0.163461538,0,0.240384615
16,C04,C03,基隆市仁愛區-基隆市暖暖區,0,1,0,0,0,0,0,0
14,C04,F01,基隆市仁愛區-新北市新莊區,1,0,0,0,0,0,0,0
65,C04,F28,基隆市仁愛區-新北市汐止區,0.569230769,0.430769231,0,0,0,0,0,0
10,C04,F21,基隆市仁愛區-新北市瑞芳區,0,0,1,0,0,0,0,0
17,C04,F26,基隆市仁愛區-新北市萬里區,0,0,0,0,0,1,0,0
25,C04,F04,基隆市仁愛區-新北市蘆洲區,1,0,0,0,0,0,0,0
25,C04,A10,基隆市仁愛區-臺北市中山區,1,0,0,0,0,0,0,0
52,C04,A03,基隆市仁愛區-臺北市中正區,0.692307692,0,0.307692308,0,0,0,0,0
71,C04,A17,基隆市仁愛區-臺北市信義區,0,0,0,0,0,1,0,0
77,C04,A14,基隆市仁愛區-臺北市內湖區,0.792207792,0.207792208,0,0,0,0,0,0
14,C04,A13,基隆市仁愛區-臺北市南港區,0,0,1,0,0,0,0,0
16,C04,A02,基隆市仁愛區-臺北市大安區,0,0,0,0,0,1,0,0
57,C04,A01,基隆市仁愛區-臺北市松山區,0,0.350877193,0.403508772,0,0,0.245614035,0,0
63,C07,C02,基隆市信義區-基隆市七堵區,0.222222222,0.365079365,0,0,0,0.412698413,0,0
91,C07,C05,基隆市信義區-基隆市中山區,0.318681319,0.681318681,0,0,0,0,0,0
169,C07,C01,基隆市信義區-基隆市中正區,0.230769231,0.710059172,0,0,0,0.059171598,0,0
401,C07,C04,基隆市信義區-基隆市仁愛區,0.157107232,0.600997506,0,0,0,0.162094763,0,0.079800499
894,C07,C07,基隆市信義區-基隆市信義區,0.106263982,0.466442953,0,0.01901566,0,0.337807606,0,0.070469799
114,C07,C06,基隆市信義區-基隆市安樂區,0.263157895,0.736842105,0,0,0,0,0,0
20,C07,F07,基隆市信義區-新北市新店區,1,0,0,0,0,0,0,0
16,C07,F14,基隆市信義區-新北市板橋區,0,0,0,0,0,1,0,0
87,C07,F28,基隆市信義區-新北市汐止區,0,0.735632184,0,0,0,0.264367816,0,0
31,C07,F21,基隆市信義區-新北市瑞芳區,0.451612903,0,0,0,0,0.548387097,0,0
15,C07,F24,基隆市信義區-新北市貢寮區,1,0,0,0,0,0,0,0
57,C07,A10,基隆市信義區-臺北市中山區,0.438596491,0,0,0,0,0.561403509,0,0
83,C07,A03,基隆市信義區-臺北市中正區,0.445783133,0,0,0,0,0.554216867,0,0
29,C07,A17,基隆市信義區-臺北市信義區,0,0,0,0,0,1,0,0
72,C07,A14,基隆市信義區-臺北市內湖區,0.444444444,0,0,0,0,0.555555556,0,0
15,C07,A16,基隆市信義區-臺北市北投區,0,0,0,0,0,1,0,0
29,C07,A13,基隆市信義區-臺北市南港區,0,0.482758621,0,0,0,0.517241379,0,0
15,C07,A09,基隆市信義區-臺北市大同區,0,0,0,0,0,1,0,0
14,C07,A02,基隆市信義區-臺北市大安區,0,0,0,0,0,1,0,0
65,C07,A01,基隆市信義區-臺北市松山區,0,0,0,0,0,1,0,0
32,C07,A05,基隆市信義區-臺北市萬華區,0.5,0,0,0,0,0.5,0,0
107,C06,C02,基隆市安樂區-基隆市七堵區,0.130841121,0.710280374,0,0,0,0.158878505,0,0
86,C06,C05,基隆市安樂區-基隆市中山區,0.186046512,0.61627907,0,0,0,0.197674419,0,0
189,C06,C01,基隆市安樂區-基隆市中正區,0.238095238,0.312169312,0,0,0,0.44973545,0,0
347,C06,C04,基隆市安樂區-基隆市仁愛區,0.193083573,0.417867435,0,0,0,0.30259366,0,0.086455331
194,C06,C07,基隆市安樂區-基隆市信義區,0.154639175,0.474226804,0,0,0,0.371134021,0,0
1140,C06,C06,基隆市安樂區-基隆市安樂區,0.136842105,0.353508772,0,0.014912281,0,0.285087719,0,0.209649123
16,C06,C03,基隆市安樂區-基隆市暖暖區,0,1,0,0,0,0,0,0
48,C06,F18,基隆市安樂區-新北市中和區,0.583333333,0.416666667,0,0,0,0,0,0
20,C06,F07,基隆市安樂區-新北市新店區,1,0,0,0,0,0,0,0
10,C06,F14,基隆市安樂區-新北市板橋區,0,0,0,0,0,1,0,0
137,C06,F28,基隆市安樂區-新北市汐止區,0.284671533,0.430656934,0,0,0,0.284671533,0,0
20,C06,F27,基隆市安樂區-新北市淡水區,1,0,0,0,0,0,0,0
32,C06,F21,基隆市安樂區-新北市瑞芳區,0.5,0.5,0,0,0,0,0,0
72,C06,F26,基隆市安樂區-新北市萬里區,0.763888889,0,0,0,0,0.236111111,0,0
17,C06,F04,基隆市安樂區-新北市蘆洲區,1,0,0,0,0,0,0,0
16,C06,F25,基隆市安樂區-新北市金山區,1,0,0,0,0,0,0,0
96,C06,A10,基隆市安樂區-臺北市中山區,0.520833333,0,0.15625,0,0,0.322916667,0,0
51,C06,A03,基隆市安樂區-臺北市中正區,1,0,0,0,0,0,0,0
30,C06,A17,基隆市安樂區-臺北市信義區,1,0,0,0,0,0,0,0
168,C06,A14,基隆市安樂區-臺北市內湖區,0.636904762,0,0,0,0,0.363095238,0,0
14,C06,A16,基隆市安樂區-臺北市北投區,1,0,0,0,0,0,0,0
69,C06,A13,基隆市安樂區-臺北市南港區,0.362318841,0.434782609,0,0,0,0.202898551,0,0
14,C06,A15,基隆市安樂區-臺北市士林區,0,0,0,0,0,1,0,0
99,C06,A02,基隆市安樂區-臺北市大安區,0.393939394,0,0,0,0,0.606060606,0,0
26,C06,A11,基隆市安樂區-臺北市文山區,0,0,0,0,0,1,0,0
30,C06,A01,基隆市安樂區-臺北市松山區,0,0,0,0,0,1,0,0
119,C03,C02,基隆市暖暖區-基隆市七堵區,0.268907563,0.462184874,0,0,0,0.268907563,0,0
14,C03,C05,基隆市暖暖區-基隆市中山區,1,0,0,0,0,0,0,0
115,C03,C01,基隆市暖暖區-基隆市中正區,0.295652174,0.347826087,0,0,0,0.356521739,0,0
206,C03,C04,基隆市暖暖區-基隆市仁愛區,0.32038835,0.155339806,0,0,0,0.524271845,0,0
123,C03,C07,基隆市暖暖區-基隆市信義區,0.520325203,0.365853659,0,0,0,0.113821138,0,0
42,C03,C06,基隆市暖暖區-基隆市安樂區,0.595238095,0,0,0,0,0.404761905,0,0
317,C03,C03,基隆市暖暖區-基隆市暖暖區,0.223974763,0.391167192,0,0.050473186,0,0.195583596,0,0.138801262
20,C03,F15,基隆市暖暖區-新北市三峽區,1,0,0,0,0,0,0,0
20,C03,F19,基隆市暖暖區-新北市土城區,1,0,0,0,0,0,0,0
100,C03,F28,基隆市暖暖區-新北市汐止區,0.15,0.69,0.16,0,0,0,0,0
20,C03,F27,基隆市暖暖區-新北市淡水區,1,0,0,0,0,0,0,0
117,C03,F21,基隆市暖暖區-新北市瑞芳區,0.666666667,0.333333333,0,0,0,0,0,0
16,C03,F24,基隆市暖暖區-新北市貢寮區,1,0,0,0,0,0,0,0
31,C03,A10,基隆市暖暖區-臺北市中山區,0.483870968,0,0.516129032,0,0,0,0,0
10,C03,A03,基隆市暖暖區-臺北市中正區,0,0,0,0,0,1,0,0
71,C03,A17,基隆市暖暖區-臺北市信義區,0,0,0.323943662,0,0,0.676056338,0,0
46,C03,A14,基隆市暖暖區-臺北市內湖區,0.369565217,0,0,0,0,0.630434783,0,0
33,C03,A11,基隆市暖暖區-臺北市文山區,0,0,0.303030303,0,0,0.696969697,0,0
30,C03,A01,基隆市暖暖區-臺北市松山區,0,0,0,0,0,1,0,0
14,C03,A05,基隆市暖暖區-臺北市萬華區,1,0,0,0,0,0,0,0
194,F15,F15,新北市三峽區-新北市三峽區,0.206185567,0.304123711,0,0,0,0.25257732,0,0.237113402
15,F15,F19,新北市三峽區-新北市土城區,0,0,0,0,0,1,0,0
10,F15,F07,新北市三峽區-新北市新店區,0,0,0,0,0,1,0,0
14,F15,F01,新北市三峽區-新北市新莊區,0,0,0,0,0,1,0,0
10,F15,F14,新北市三峽區-新北市板橋區,0,1,0,0,0,0,0,0
49,F15,F16,新北市三峽區-新北市鶯歌區,0.306122449,0.408163265,0,0,0,0.285714286,0,0
14,F15,H04,新北市三峽區-桃園市楊梅區,0,0,1,0,0,0,0,0
25,F15,A02,新北市三峽區-臺北市大安區,0,0,0,0,1,0,0,0
88,F30,F30,新北市三芝區-新北市三芝區,0.284090909,0.159090909,0,0,0,0,0,0.556818182
20,F30,F33,新北市三芝區-新北市永和區,1,0,0,0,0,0,0,0
14,F30,F27,新北市三芝區-新北市淡水區,0,1,0,0,0,0,0,0
32,F30,F31,新北市三芝區-新北市石門區,0,1,0,0,0,0,0,0
31,F30,F25,新北市三芝區-新北市金山區,1,0,0,0,0,0,0,0
15,F30,A03,新北市三芝區-臺北市中正區,1,0,0,0,0,0,0,0
16,F30,A14,新北市三芝區-臺北市內湖區,0,1,0,0,0,0,0,0
46,F30,A16,新北市三芝區-臺北市北投區,0.434782609,0.347826087,0,0,0,0.217391304,0,0
16,F30,A09,新北市三芝區-臺北市大同區,0,1,0,0,0,0,0,0
17,F30,A02,新北市三芝區-臺北市大安區,1,0,0,0,0,0,0,0
14,F30,A11,新北市三芝區-臺北市文山區,1,0,0,0,0,0,0,0
25,F30,A01,新北市三芝區-臺北市松山區,0,1,0,0,0,0,0,0
16,F05,C06,新北市三重區-基隆市安樂區,0,0,0,0,0,1,0,0
14,F05,F30,新北市三重區-新北市三芝區,1,0,0,0,0,0,0,0
261,F05,F05,新北市三重區-新北市三重區,0.076628352,0.666666667,0,0.0651341,0,0,0.126436782,0.0651341
25,F05,F18,新北市三重區-新北市中和區,0,1,0,0,0,0,0,0
16,F05,F03,新北市三重區-新北市五股區,0,0,0,0,0,1,0,0
14,F05,F07,新北市三重區-新北市新店區,0,0,0,0,1,0,0,0
45,F05,F01,新北市三重區-新北市新莊區,0,0.311111111,0,0,0,0.688888889,0,0
96,F05,F04,新北市三重區-新北市蘆洲區,0,0.71875,0,0,0.104166667,0,0.177083333,0
110,F05,A10,新北市三重區-臺北市中山區,0,0.254545455,0,0,0.590909091,0.154545455,0,0
14,F05,A03,新北市三重區-臺北市中正區,0,0,0,0,0,1,0,0
48,F05,A17,新北市三重區-臺北市信義區,0,0.354166667,0,0.354166667,0.291666667,0,0,0
23,F05,A14,新北市三重區-臺北市內湖區,0,0,0,0,1,0,0,0
25,F05,A16,新北市三重區-臺北市北投區,0,1,0,0,0,0,0,0
63,F05,A15,新北市三重區-臺北市士林區,0,0.507936508,0,0,0,0.492063492,0,0
50,F05,A09,新北市三重區-臺北市大同區,0.4,0,0,0,0,0.6,0,0
45,F05,A02,新北市三重區-臺北市大安區,0,0.355555556,0,0,0.311111111,0.333333333,0,0
332,F18,F18,新北市中和區-新北市中和區,0.060240964,0.746987952,0,0,0,0.048192771,0.051204819,0.093373494
26,F18,F19,新北市中和區-新北市土城區,0.615384615,0,0,0,0,0.384615385,0,0
113,F18,F07,新北市中和區-新北市新店區,0,1,0,0,0,0,0,0
72,F18,F14,新北市中和區-新北市板橋區,0,0.388888889,0,0,0,0.416666667,0.194444444,0
16,F18,F02,新北市中和區-新北市林口區,0,1,0,0,0,0,0,0
59,F18,F33,新北市中和區-新北市永和區,0.762711864,0,0,0,0,0.237288136,0,0
102,F18,A03,新北市中和區-臺北市中正區,0.137254902,0.323529412,0,0,0.539215686,0,0,0
53,F18,A17,新北市中和區-臺北市信義區,0,0.433962264,0,0,0.264150943,0.301886792,0,0
25,F18,A14,新北市中和區-臺北市內湖區,0,1,0,0,0,0,0,0
28,F18,A13,新北市中和區-臺北市南港區,0,0,0,0,1,0,0,0
15,F18,A02,新北市中和區-臺北市大安區,0,0,0,0,1,0,0,0
10,F18,A11,新北市中和區-臺北市文山區,0,0,0,0,0,1,0,0
15,F18,A01,新北市中和區-臺北市松山區,0,1,0,0,0,0,0,0
53,F18,A05,新北市中和區-臺北市萬華區,0,0.679245283,0,0,0,0.320754717,0,0
37,F03,F05,新北市五股區-新北市三重區,0,0.621621622,0,0,0,0.378378378,0,0
103,F03,F03,新北市五股區-新北市五股區,0,0.834951456,0,0,0,0,0,0.165048544
16,F03,F14,新北市五股區-新北市板橋區,0,1,0,0,0,0,0,0
14,F03,F02,新北市五股區-新北市林口區,0,0,0,0,0,1,0,0
15,F03,F06,新北市五股區-新北市泰山區,0,1,0,0,0,0,0,0
48,F03,F04,新北市五股區-新北市蘆洲區,0,0.333333333,0,0,0,0.666666667,0,0
41,F03,A10,新北市五股區-臺北市中山區,0.609756098,0,0,0,0,0.390243902,0,0
30,F03,A03,新北市五股區-臺北市中正區,0.5,0,0,0,0,0.5,0,0
17,F03,A14,新北市五股區-臺北市內湖區,1,0,0,0,0,0,0,0
33,F03,A16,新北市五股區-臺北市北投區,0.484848485,0,0,0,0,0.515151515,0,0
10,F03,A09,新北市五股區-臺北市大同區,0,0,0,0,0,1,0,0
16,F03,A02,新北市五股區-臺北市大安區,0,1,0,0,0,0,0,0
16,F03,A01,新北市五股區-臺北市松山區,0,0,0,0,0,1,0,0
25,F03,A05,新北市五股區-臺北市萬華區,0,1,0,0,0,0,0,0
20,F32,F05,新北市八里區-新北市三重區,0,1,0,0,0,0,0,0
156,F32,F32,新北市八里區-新北市八里區,0.320512821,0.301282051,0,0,0.08974359,0.08974359,0,0.198717949
10,F32,F02,新北市八里區-新北市林口區,0,1,0,0,0,0,0,0
17,F32,F27,新北市八里區-新北市淡水區,1,0,0,0,0,0,0,0
16,F32,A10,新北市八里區-臺北市中山區,0,0,0,0,1,0,0,0
20,F32,A14,新北市八里區-臺北市內湖區,1,0,0,0,0,0,0,0
75,F32,A16,新北市八里區-臺北市北投區,0.186666667,0.68,0,0,0,0.133333333,0,0
16,F32,A15,新北市八里區-臺北市士林區,0,0,0,0,0,1,0,0
250,F19,F19,新北市土城區-新北市土城區,0.064,0.868,0,0,0,0,0,0.068
16,F19,F01,新北市土城區-新北市新莊區,0,1,0,0,0,0,0,0
94,F19,F14,新北市土城區-新北市板橋區,0,0.521276596,0,0,0.14893617,0.329787234,0,0
14,F19,F02,新北市土城區-新北市林口區,0,1,0,0,0,0,0,0
23,F19,H07,新北市土城區-桃園市龜山區,0,0,0,0,0,1,0,0
14,F19,A10,新北市土城區-臺北市中山區,0,0,0,0,1,0,0,0
40,F19,A03,新北市土城區-臺北市中正區,0.625,0,0,0,0,0.375,0,0
16,F19,A13,新北市土城區-臺北市南港區,1,0,0,0,0,0,0,0
16,F19,A09,新北市土城區-臺北市大同區,0,1,0,0,0,0,0,0
23,F19,A02,新北市土城區-臺北市大安區,0,0,0,0,1,0,0,0
16,F19,A11,新北市土城區-臺北市文山區,0,1,0,0,0,0,0,0
20,F19,A01,新北市土城區-臺北市松山區,0,0,0,0,1,0,0,0
14,F10,F05,新北市坪林區-新北市三重區,1,0,0,0,0,0,0,0
214,F10,F10,新北市坪林區-新北市坪林區,0.462616822,0.299065421,0,0,0,0,0,0.238317757
14,F10,F07,新北市坪林區-新北市新店區,1,0,0,0,0,0,0,0
25,F10,F14,新北市坪林區-新北市板橋區,1,0,0,0,0,0,0,0
14,F10,F08,新北市坪林區-新北市石碇區,1,0,0,0,0,0,0,0
31,F10,A03,新北市坪林區-臺北市中正區,1,0,0,0,0,0,0,0
16,F10,A17,新北市坪林區-臺北市信義區,1,0,0,0,0,0,0,0
16,F22,C01,新北市平溪區-基隆市中正區,0,0,1,0,0,0,0,0
14,F22,C03,新北市平溪區-基隆市暖暖區,1,0,0,0,0,0,0,0
182,F22,F22,新北市平溪區-新北市平溪區,0.164835165,0.373626374,0.181318681,0,0,0,0,0.28021978
14,F22,F07,新北市平溪區-新北市新店區,0,0,0,0,0,1,0,0
16,F22,F02,新北市平溪區-新北市林口區,1,0,0,0,0,0,0,0
23,F22,F09,新北市平溪區-新北市深坑區,0,1,0,0,0,0,0,0
16,F22,A03,新北市平溪區-臺北市中正區,0,0,1,0,0,0,0,0
17,F22,A11,新北市平溪區-臺北市文山區,0,0,0,0,0,1,0,0
14,F22,A01,新北市平溪區-臺北市松山區,0,0,0,0,0,1,0,0
16,F07,F32,新北市新店區-新北市八里區,1,0,0,0,0,0,0,0
211,F07,F07,新北市新店區-新北市新店區,0.161137441,0.469194313,0,0,0.071090047,0.146919431,0,0.151658768
17,F07,F01,新北市新店區-新北市新莊區,0,0,0,0,0,1,0,0
10,F07,F14,新北市新店區-新北市板橋區,0,1,0,0,0,0,0,0
63,F07,F33,新北市新店區-新北市永和區,0,0,0,0,0.365079365,0.634920635,0,0
37,F07,A03,新北市新店區-臺北市中正區,0.540540541,0,0,0,0,0.459459459,0,0
45,F07,A17,新北市新店區-臺北市信義區,0,0.333333333,0,0,0.666666667,0,0,0
33,F07,A14,新北市新店區-臺北市內湖區,0,0.484848485,0,0,0.515151515,0,0,0
14,F07,A16,新北市新店區-臺北市北投區,0,0,0,0,1,0,0,0
20,F07,A13,新北市新店區-臺北市南港區,0,0,0,0,1,0,0,0
16,F07,A09,新北市新店區-臺北市大同區,0,1,0,0,0,0,0,0
107,F07,A02,新北市新店區-臺北市大安區,0,0.373831776,0,0,0.214953271,0.411214953,0,0
48,F07,A11,新北市新店區-臺北市文山區,0,0.333333333,0,0,0,0.354166667,0.3125,0
32,F07,A01,新北市新店區-臺北市松山區,0,0.5,0,0,0,0.5,0,0
78,F01,F05,新北市新莊區-新北市三重區,0.41025641,0.205128205,0,0,0.205128205,0.179487179,0,0
39,F01,F03,新北市新莊區-新北市五股區,0,1,0,0,0,0,0,0
426,F01,F01,新北市新莊區-新北市新莊區,0.039906103,0.521126761,0,0,0.037558685,0.0657277,0.17370892,0.161971831
29,F01,F14,新北市新莊區-新北市板橋區,0,0.482758621,0,0,0,0.517241379,0,0
14,F01,F02,新北市新莊區-新北市林口區,0,0,0,0,0,1,0,0
37,F01,F17,新北市新莊區-新北市樹林區,0,1,0,0,0,0,0,0
24,F01,F06,新北市新莊區-新北市泰山區,0.583333333,0,0,0,0,0.416666667,0,0
16,F01,F27,新北市新莊區-新北市淡水區,0,1,0,0,0,0,0,0
20,F01,H06,新北市新莊區-桃園市大園區,1,0,0,0,0,0,0,0
55,F01,H07,新北市新莊區-桃園市龜山區,0,0.709090909,0,0,0,0.290909091,0,0
37,F01,A03,新北市新莊區-臺北市中正區,0,0,0,0,1,0,0,0
14,F01,A16,新北市新莊區-臺北市北投區,0,0,0,0,1,0,0,0
15,F01,A13,新北市新莊區-臺北市南港區,0,0,0,0,1,0,0,0
10,F01,A15,新北市新莊區-臺北市士林區,0,0,0,0,1,0,0,0
43,F01,A02,新北市新莊區-臺北市大安區,0,0.372093023,0,0,0,0.627906977,0,0
30,F01,A01,新北市新莊區-臺北市松山區,0,1,0,0,0,0,0,0
16,F01,A05,新北市新莊區-臺北市萬華區,1,0,0,0,0,0,0,0
14,F14,F05,新北市板橋區-新北市三重區,1,0,0,0,0,0,0,0
49,F14,F18,新北市板橋區-新北市中和區,0,0.653061224,0,0,0,0.346938776,0,0
16,F14,F03,新北市板橋區-新北市五股區,0,0,0,0,0,1,0,0
46,F14,F19,新北市板橋區-新北市土城區,0.347826087,0.304347826,0,0,0,0.347826087,0,0
64,F14,F01,新北市板橋區-新北市新莊區,0,0.78125,0,0,0,0.21875,0,0
339,F14,F14,新北市板橋區-新北市板橋區,0.041297935,0.672566372,0,0,0.04719764,0.097345133,0.091445428,0.050147493
14,F14,F02,新北市板橋區-新北市林口區,0,0,0,0,0,1,0,0
69,F14,F17,新北市板橋區-新北市樹林區,0,0.753623188,0,0,0,0,0,0.246376812
32,F14,H06,新北市板橋區-桃園市大園區,1,0,0,0,0,0,0,0
37,F14,A10,新北市板橋區-臺北市中山區,0,0,0,0,1,0,0,0
90,F14,A03,新北市板橋區-臺北市中正區,0.333333333,0.177777778,0,0,0.311111111,0.177777778,0,0
14,F14,A17,新北市板橋區-臺北市信義區,0,0,0,0,1,0,0,0
20,F14,A14,新北市板橋區-臺北市內湖區,1,0,0,0,0,0,0,0
16,F14,A16,新北市板橋區-臺北市北投區,1,0,0,0,0,0,0,0
51,F14,A15,新北市板橋區-臺北市士林區,0,0,0,0,1,0,0,0
51,F14,A02,新北市板橋區-臺北市大安區,0,0.392156863,0,0,0.607843137,0,0,0
57,F14,A01,新北市板橋區-臺北市松山區,0,0.298245614,0,0,0.701754386,0,0,0
71,F14,A05,新北市板橋區-臺北市萬華區,0,0.802816901,0,0,0.197183099,0,0,0
14,F02,F01,新北市林口區-新北市新莊區,0,1,0,0,0,0,0,0
166,F02,F02,新北市林口區-新北市林口區,0.439759036,0.295180723,0,0,0,0.102409639,0.102409639,0.060240964
14,F02,F17,新北市林口區-新北市樹林區,1,0,0,0,0,0,0,0
23,F02,F06,新北市林口區-新北市泰山區,0,0,0,0,0,1,0,0
16,F02,H03,新北市林口區-桃園市中壢區,1,0,0,0,0,0,0,0
17,F02,H01,新北市林口區-桃園市桃園區,0,0,0,0,0,1,0,0
14,F02,H05,新北市林口區-桃園市蘆竹區,1,0,0,0,0,0,0,0
40,F02,H07,新北市林口區-桃園市龜山區,0.375,0.625,0,0,0,0,0,0
14,F02,A10,新北市林口區-臺北市中山區,0,0,0,0,0,1,0,0
24,F02,A17,新北市林口區-臺北市信義區,0.583333333,0,0,0,0,0.416666667,0,0
16,F02,A16,新北市林口區-臺北市北投區,0,1,0,0,0,0,0,0
20,F02,A13,新北市林口區-臺北市南港區,1,0,0,0,0,0,0,0
16,F02,A15,新北市林口區-臺北市士林區,0,0,0,0,0,1,0,0
20,F02,A09,新北市林口區-臺北市大同區,1,0,0,0,0,0,0,0
39,F17,F15,新北市樹林區-新北市三峽區,0.641025641,0.358974359,0,0,0,0,0,0
79,F17,F18,新北市樹林區-新北市中和區,0.506329114,0.316455696,0.17721519,0,0,0,0,0
14,F17,F01,新北市樹林區-新北市新莊區,0,1,0,0,0,0,0,0
26,F17,F14,新北市樹林區-新北市板橋區,0,0,0,0,0,1,0,0
16,F17,F02,新北市樹林區-新北市林口區,1,0,0,0,0,0,0,0
197,F17,F17,新北市樹林區-新北市樹林區,0.329949239,0.436548223,0,0,0,0.07106599,0,0.162436548
10,F17,F09,新北市樹林區-新北市深坑區,0,0,0,0,0,1,0,0
16,F17,H10,新北市樹林區-桃園市平鎮區,0,0,1,0,0,0,0,0
16,F17,H07,新北市樹林區-桃園市龜山區,0,1,0,0,0,0,0,0
44,F17,A03,新北市樹林區-臺北市中正區,0.636363636,0.363636364,0,0,0,0,0,0
34,F33,F18,新北市永和區-新北市中和區,0,0,0,0,0,0.5,0.5,0
14,F33,F03,新北市永和區-新北市五股區,0,1,0,0,0,0,0,0
23,F33,F07,新北市永和區-新北市新店區,0,1,0,0,0,0,0,0
50,F33,F01,新北市永和區-新北市新莊區,0,0.28,0,0,0.72,0,0,0
16,F33,F17,新北市永和區-新北市樹林區,1,0,0,0,0,0,0,0
93,F33,F33,新北市永和區-新北市永和區,0,0.580645161,0,0,0.247311828,0,0.172043011,0
14,F33,F28,新北市永和區-新北市汐止區,0,1,0,0,0,0,0,0
43,F33,A10,新北市永和區-臺北市中山區,0,0.465116279,0,0,0.534883721,0,0,0
92,F33,A03,新北市永和區-臺北市中正區,0.152173913,0.347826087,0,0,0.152173913,0.173913043,0.173913043,0
33,F33,A16,新北市永和區-臺北市北投區,0.484848485,0,0,0,0.515151515,0,0,0
135,F33,A02,新北市永和區-臺北市大安區,0,0.274074074,0,0,0.488888889,0.118518519,0.118518519,0
64,F33,A01,新北市永和區-臺北市松山區,0,0.640625,0,0,0.359375,0,0,0
16,F28,C02,新北市汐止區-基隆市七堵區,1,0,0,0,0,0,0,0
30,F28,F07,新北市汐止區-新北市新店區,0.666666667,0,0,0,0,0.333333333,0,0
285,F28,F28,新北市汐止區-新北市汐止區,0.112280702,0.494736842,0,0,0,0.21754386,0.059649123,0.115789474
16,F28,F09,新北市汐止區-新北市深坑區,0,1,0,0,0,0,0,0
23,F28,A10,新北市汐止區-臺北市中山區,0,1,0,0,0,0,0,0
60,F28,A03,新北市汐止區-臺北市中正區,0.483333333,0,0,0,0,0.516666667,0,0
30,F28,A17,新北市汐止區-臺北市信義區,0.533333333,0,0,0,0,0.466666667,0,0
136,F28,A14,新北市汐止區-臺北市內湖區,0.404411765,0.470588235,0,0,0,0.125,0,0
59,F28,A13,新北市汐止區-臺北市南港區,0.338983051,0.661016949,0,0,0,0,0,0
33,F28,A02,新北市汐止區-臺北市大安區,0,0,0,0,0,1,0,0
17,F28,A11,新北市汐止區-臺北市文山區,1,0,0,0,0,0,0,0
79,F28,A01,新北市汐止區-臺北市松山區,0,0.17721519,0,0,0,0.82278481,0,0
17,F06,F03,新北市泰山區-新北市五股區,0,1,0,0,0,0,0,0
10,F06,F32,新北市泰山區-新北市八里區,0,1,0,0,0,0,0,0
60,F06,F01,新北市泰山區-新北市新莊區,0,1,0,0,0,0,0,0
16,F06,F14,新北市泰山區-新北市板橋區,0,0,0,0,0,1,0,0
16,F06,F02,新北市泰山區-新北市林口區,0,1,0,0,0,0,0,0
14,F06,F28,新北市泰山區-新北市汐止區,0,0,1,0,0,0,0,0
141,F06,F06,新北市泰山區-新北市泰山區,0,0.695035461,0,0,0,0,0.120567376,0.184397163
25,F06,H07,新北市泰山區-桃園市龜山區,0,1,0,0,0,0,0,0
35,F06,A10,新北市泰山區-臺北市中山區,0.428571429,0.571428571,0,0,0,0,0,0
93,F06,A03,新北市泰山區-臺北市中正區,0.279569892,0.322580645,0,0,0.247311828,0.150537634,0,0
14,F06,A02,新北市泰山區-臺北市大安區,1,0,0,0,0,0,0,0
20,F06,A05,新北市泰山區-臺北市萬華區,0,0,0,0,0,1,0,0
23,F27,F03,新北市淡水區-新北市五股區,1,0,0,0,0,0,0,0
35,F27,F14,新北市淡水區-新北市板橋區,0,0,0,0,1,0,0,0
16,F27,F17,新北市淡水區-新北市樹林區,1,0,0,0,0,0,0,0
383,F27,F27,新北市淡水區-新北市淡水區,0.093994778,0.697127937,0,0,0.036553525,0.07310705,0,0.09921671
10,F27,H03,新北市淡水區-桃園市中壢區,0,1,0,0,0,0,0,0
14,F27,A03,新北市淡水區-臺北市中正區,0,0,0,0,1,0,0,0
14,F27,A17,新北市淡水區-臺北市信義區,0,0,0,0,1,0,0,0
119,F27,A16,新北市淡水區-臺北市北投區,0.478991597,0.134453782,0,0,0,0.260504202,0,0.12605042
43,F27,A15,新北市淡水區-臺北市士林區,0,0.325581395,0,0,0.348837209,0.325581395,0,0
14,F09,F22,新北市深坑區-新北市平溪區,1,0,0,0,0,0,0,0
14,F09,F17,新北市深坑區-新北市樹林區,1,0,0,0,0,0,0,0
20,F09,F28,新北市深坑區-新北市汐止區,1,0,0,0,0,0,0,0
201,F09,F09,新北市深坑區-新北市深坑區,0,0.452736318,0,0,0,0.223880597,0.169154229,0.154228856
14,F09,F08,新北市深坑區-新北市石碇區,0,0,0,0,0,0,1,0
16,F09,A03,新北市深坑區-臺北市中正區,0,0,0,0,0,1,0,0
45,F09,A17,新北市深坑區-臺北市信義區,0.333333333,0.311111111,0,0,0,0.355555556,0,0
16,F09,A02,新北市深坑區-臺北市大安區,0,0,0,0,0,1,0,0
27,F09,A11,新北市深坑區-臺北市文山區,0,0,0,0,0,1,0,0
17,F11,F18,新北市烏來區-新北市中和區,1,0,0,0,0,0,0,0
48,F11,F07,新北市烏來區-新北市新店區,0.333333333,0,0,0,0,0.666666667,0,0
221,F11,F11,新北市烏來區-新北市烏來區,0.167420814,0.687782805,0,0,0,0.14479638,0,0
14,F11,A03,新北市烏來區-臺北市中正區,0,0,0,0,0,1,0,0
20,F11,A14,新北市烏來區-臺北市內湖區,1,0,0,0,0,0,0,0
16,F11,A11,新北市烏來區-臺北市文山區,0,1,0,0,0,0,0,0
25,F21,C01,新北市瑞芳區-基隆市中正區,0,1,0,0,0,0,0,0
14,F21,C04,新北市瑞芳區-基隆市仁愛區,0,0,0,0,0,1,0,0
16,F21,C06,新北市瑞芳區-基隆市安樂區,0,0,0,0,0,1,0,0
14,F21,F22,新北市瑞芳區-新北市平溪區,0,1,0,0,0,0,0,0
17,F21,F14,新北市瑞芳區-新北市板橋區,0,0,0,0,0,1,0,0
16,F21,F28,新北市瑞芳區-新北市汐止區,0,1,0,0,0,0,0,0
277,F21,F21,新北市瑞芳區-新北市瑞芳區,0.104693141,0.465703971,0,0,0,0.241877256,0,0.187725632
16,F21,A10,新北市瑞芳區-臺北市中山區,0,0,1,0,0,0,0,0
20,F21,A13,新北市瑞芳區-臺北市南港區,1,0,0,0,0,0,0,0
16,F08,F03,新北市石碇區-新北市五股區,1,0,0,0,0,0,0,0
16,F08,F22,新北市石碇區-新北市平溪區,1,0,0,0,0,0,0,0
53,F08,F07,新北市石碇區-新北市新店區,0.301886792,0,0,0,0,0.698113208,0,0
30,F08,F09,新北市石碇區-新北市深坑區,0,1,0,0,0,0,0,0
79,F08,F08,新北市石碇區-新北市石碇區,0.379746835,0.620253165,0,0,0,0,0,0
17,F08,A03,新北市石碇區-臺北市中正區,1,0,0,0,0,0,0,0
16,F08,A13,新北市石碇區-臺北市南港區,0,1,0,0,0,0,0,0
36,F08,A02,新北市石碇區-臺北市大安區,0.444444444,0.555555556,0,0,0,0,0,0
45,F08,A11,新北市石碇區-臺北市文山區,0,0.622222222,0,0,0,0.377777778,0,0
17,F08,A05,新北市石碇區-臺北市萬華區,0,0,0,0,0,1,0,0
20,F31,C01,新北市石門區-基隆市中正區,1,0,0,0,0,0,0,0
86,F31,F30,新北市石門區-新北市三芝區,0.418604651,0.38372093,0,0,0,0.197674419,0,0
14,F31,F14,新北市石門區-新北市板橋區,1,0,0,0,0,0,0,0
26,F31,F27,新北市石門區-新北市淡水區,0,0,0,0,0,1,0,0
142,F31,F31,新北市石門區-新北市石門區,0.661971831,0.338028169,0,0,0,0,0,0
23,F31,F26,新北市石門區-新北市萬里區,1,0,0,0,0,0,0,0
30,F31,F25,新北市石門區-新北市金山區,0,0.533333333,0,0,0,0.466666667,0,0
17,F31,A03,新北市石門區-臺北市中正區,0,0,0,0,0,1,0,0
32,F31,A16,新北市石門區-臺北市北投區,0.5,0.5,0,0,0,0,0,0
17,F26,C07,新北市萬里區-基隆市信義區,0,0,0,0,0,1,0,0
71,F26,C06,新北市萬里區-基隆市安樂區,0.577464789,0.422535211,0,0,0,0,0,0
17,F26,F05,新北市萬里區-新北市三重區,1,0,0,0,0,0,0,0
10,F26,F21,新北市萬里區-新北市瑞芳區,0,0,0,0,0,1,0,0
150,F26,F26,新北市萬里區-新北市萬里區,0.513333333,0.26,0,0,0,0,0,0.226666667
92,F26,F25,新北市萬里區-新北市金山區,0.25,0.326086957,0,0,0,0.423913043,0,0
30,F26,A10,新北市萬里區-臺北市中山區,0.666666667,0,0,0,0,0.333333333,0,0
25,F26,A02,新北市萬里區-臺北市大安區,1,0,0,0,0,0,0,0
20,F26,A01,新北市萬里區-臺北市松山區,1,0,0,0,0,0,0,0
61,F04,F05,新北市蘆洲區-新北市三重區,0,0,0,0,0.278688525,0.721311475,0,0
69,F04,F03,新北市蘆洲區-新北市五股區,0.217391304,0,0,0,0,0.420289855,0.362318841,0
14,F04,F14,新北市蘆洲區-新北市板橋區,0,0,0,0,0,1,0,0
14,F04,F02,新北市蘆洲區-新北市林口區,0,1,0,0,0,0,0,0
14,F04,F27,新北市蘆洲區-新北市淡水區,1,0,0,0,0,0,0,0
308,F04,F04,新北市蘆洲區-新北市蘆洲區,0,0.850649351,0,0,0,0.051948052,0.048701299,0.048701299
62,F04,A10,新北市蘆洲區-臺北市中山區,0.258064516,0.370967742,0,0,0,0.370967742,0,0
69,F04,A03,新北市蘆洲區-臺北市中正區,0,0.231884058,0,0,0.536231884,0.231884058,0,0
66,F04,A14,新北市蘆洲區-臺北市內湖區,0.621212121,0.378787879,0,0,0,0,0,0
16,F04,A15,新北市蘆洲區-臺北市士林區,0,1,0,0,0,0,0,0
29,F04,A02,新北市蘆洲區-臺北市大安區,0,0.482758621,0,0,0.517241379,0,0,0
16,F04,A01,新北市蘆洲區-臺北市松山區,0,0,0,0,1,0,0,0
20,F24,C04,新北市貢寮區-基隆市仁愛區,1,0,0,0,0,0,0,0
10,F24,C06,新北市貢寮區-基隆市安樂區,0,0,0,0,0,1,0,0
293,F24,F24,新北市貢寮區-新北市貢寮區,0.313993174,0.412969283,0,0,0,0.163822526,0,0.109215017
26,F24,F23,新北市貢寮區-新北市雙溪區,0.615384615,0,0,0,0,0.384615385,0,0
15,F24,H08,新北市貢寮區-桃園市八德區,1,0,0,0,0,0,0,0
17,F24,A03,新北市貢寮區-臺北市中正區,0,0,0,1,0,0,0,0
16,F24,A13,新北市貢寮區-臺北市南港區,0,0,1,0,0,0,0,0
23,F25,C02,新北市金山區-基隆市七堵區,0,0,0,0,0,1,0,0
34,F25,C01,新北市金山區-基隆市中正區,0,0,0,0,0,1,0,0
32,F25,F26,新北市金山區-新北市萬里區,0.5,0.5,0,0,0,0,0,0
275,F25,F25,新北市金山區-新北市金山區,0,0.610909091,0,0,0,0,0.054545455,0.334545455
17,F25,A01,新北市金山區-臺北市松山區,0,0,0,0,0,1,0,0
14,F23,C02,新北市雙溪區-基隆市七堵區,0,0,0,0,0,1,0,0
42,F23,F22,新北市雙溪區-新北市平溪區,0,1,0,0,0,0,0,0
17,F23,F17,新北市雙溪區-新北市樹林區,0,0,1,0,0,0,0,0
33,F23,F21,新北市雙溪區-新北市瑞芳區,0,0,1,0,0,0,0,0
176,F23,F23,新北市雙溪區-新北市雙溪區,0.221590909,0.380681818,0,0,0,0.113636364,0.1875,0.096590909
14,F23,A03,新北市雙溪區-臺北市中正區,1,0,0,0,0,0,0,0
16,F23,A13,新北市雙溪區-臺北市南港區,0,0,1,0,0,0,0,0
16,F23,A05,新北市雙溪區-臺北市萬華區,1,0,0,0,0,0,0,0
17,F16,F15,新北市鶯歌區-新北市三峽區,0,0,0,0,0,1,0,0
25,F16,F07,新北市鶯歌區-新北市新店區,1,0,0,0,0,0,0,0
16,F16,F14,新北市鶯歌區-新北市板橋區,0,0,0,0,0,1,0,0
308,F16,F16,新北市鶯歌區-新北市鶯歌區,0.211038961,0.633116883,0,0,0,0.045454545,0,0.11038961
14,F16,H02,新北市鶯歌區-桃園市大溪區,0,1,0,0,0,0,0,0
98,F16,H01,新北市鶯歌區-桃園市桃園區,0.234693878,0.765306122,0,0,0,0,0,0
20,F16,H05,新北市鶯歌區-桃園市蘆竹區,1,0,0,0,0,0,0,0
14,F16,A03,新北市鶯歌區-臺北市中正區,0,0,1,0,0,0,0,0
20,F16,A14,新北市鶯歌區-臺北市內湖區,1,0,0,0,0,0,0,0
16,F16,A16,新北市鶯歌區-臺北市北投區,0,0,1,0,0,0,0,0
14,H03,F15,桃園市中壢區-新北市三峽區,0,1,0,0,0,0,0,0
17,H03,F14,桃園市中壢區-新北市板橋區,0,0,1,0,0,0,0,0
1883,H03,H03,桃園市中壢區-桃園市中壢區,0.227296867,0.642060542,0,0,0,0.057886352,0.009028147,0.063728093
86,H03,H08,桃園市中壢區-桃園市八德區,0,0.837209302,0,0,0,0.162790698,0,0
85,H03,H06,桃園市中壢區-桃園市大園區,0.352941176,0.647058824,0,0,0,0,0,0
66,H03,H02,桃園市中壢區-桃園市大溪區,0,1,0,0,0,0,0,0
173,H03,H10,桃園市中壢區-桃園市平鎮區,0.184971098,0.670520231,0,0,0,0,0,0.144508671
14,H03,H11,桃園市中壢區-桃園市新屋區,0,1,0,0,0,0,0,0
114,H03,H01,桃園市中壢區-桃園市桃園區,0.122807018,0.48245614,0.131578947,0,0,0.122807018,0,0.140350877
47,H03,H04,桃園市中壢區-桃園市楊梅區,1,0,0,0,0,0,0,0
20,H03,H05,桃園市中壢區-桃園市蘆竹區,0,1,0,0,0,0,0,0
31,H03,H12,桃園市中壢區-桃園市觀音區,0.451612903,0.548387097,0,0,0,0,0,0
50,H03,H09,桃園市中壢區-桃園市龍潭區,0.72,0,0,0,0,0.28,0,0
53,H03,H07,桃園市中壢區-桃園市龜山區,0.471698113,0.264150943,0,0,0,0.264150943,0,0
80,H03,A03,桃園市中壢區-臺北市中正區,0.5125,0.3125,0.175,0,0,0,0,0
23,H03,A17,桃園市中壢區-臺北市信義區,0,0,0,0,0,1,0,0
16,H03,A15,桃園市中壢區-臺北市士林區,1,0,0,0,0,0,0,0
16,H08,F19,桃園市八德區-新北市土城區,0,0,0,0,0,1,0,0
23,H08,F14,桃園市八德區-新北市板橋區,0,1,0,0,0,0,0,0
25,H08,F17,桃園市八德區-新北市樹林區,0,1,0,0,0,0,0,0
14,H08,F25,桃園市八德區-新北市金山區,1,0,0,0,0,0,0,0
32,H08,F16,桃園市八德區-新北市鶯歌區,0,1,0,0,0,0,0,0
88,H08,H03,桃園市八德區-桃園市中壢區,0,0.727272727,0,0,0,0.272727273,0,0
569,H08,H08,桃園市八德區-桃園市八德區,0.166959578,0.634446397,0,0,0,0.028119508,0.028119508,0.142355009
90,H08,H02,桃園市八德區-桃園市大溪區,0.222222222,0.777777778,0,0,0,0,0,0
58,H08,H01,桃園市八德區-桃園市桃園區,0,1,0,0,0,0,0,0
31,H08,H05,桃園市八德區-桃園市蘆竹區,0.483870968,0.516129032,0,0,0,0,0,0
14,H08,H12,桃園市八德區-桃園市觀音區,1,0,0,0,0,0,0,0
110,H08,H07,桃園市八德區-桃園市龜山區,0.281818182,0.572727273,0,0,0,0.145454545,0,0
39,H08,A03,桃園市八德區-臺北市中正區,1,0,0,0,0,0,0,0
20,H06,F19,桃園市大園區-新北市土城區,1,0,0,0,0,0,0,0
47,H06,H03,桃園市大園區-桃園市中壢區,0.489361702,0.510638298,0,0,0,0,0,0
558,H06,H06,桃園市大園區-桃園市大園區,0.243727599,0.625448029,0,0,0,0.048387097,0.082437276,0
25,H06,H01,桃園市大園區-桃園市桃園區,1,0,0,0,0,0,0,0
10,H06,H04,桃園市大園區-桃園市楊梅區,0,1,0,0,0,0,0,0
29,H06,H05,桃園市大園區-桃園市蘆竹區,0,0,0,0,0,1,0,0
16,H06,H12,桃園市大園區-桃園市觀音區,0,1,0,0,0,0,0,0
16,H06,A01,桃園市大園區-臺北市松山區,1,0,0,0,0,0,0,0
16,H02,F15,桃園市大溪區-新北市三峽區,1,0,0,0,0,0,0,0
40,H02,H03,桃園市大溪區-桃園市中壢區,0,0.75,0,0,0,0.25,0,0
33,H02,H08,桃園市大溪區-桃園市八德區,0.515151515,0.484848485,0,0,0,0,0,0
411,H02,H02,桃園市大溪區-桃園市大溪區,0.279805353,0.399026764,0,0,0,0.153284672,0.087591241,0.080291971
39,H02,H01,桃園市大溪區-桃園市桃園區,0.41025641,0.58974359,0,0,0,0,0,0
14,H02,H12,桃園市大溪區-桃園市觀音區,0,0,0,0,0,1,0,0
64,H02,H09,桃園市大溪區-桃園市龍潭區,0.625,0.375,0,0,0,0,0,0
15,H02,A17,桃園市大溪區-臺北市信義區,1,0,0,0,0,0,0,0
15,H10,F05,桃園市平鎮區-新北市三重區,1,0,0,0,0,0,0,0
14,H10,F18,桃園市平鎮區-新北市中和區,0,1,0,0,0,0,0,0
346,H10,H03,桃園市平鎮區-桃園市中壢區,0.268786127,0.661849711,0,0,0,0.069364162,0,0
20,H10,H08,桃園市平鎮區-桃園市八德區,0,1,0,0,0,0,0,0
20,H10,H02,桃園市平鎮區-桃園市大溪區,0,1,0,0,0,0,0,0
704,H10,H10,桃園市平鎮區-桃園市平鎮區,0.296875,0.599431818,0,0,0,0.014204545,0.052556818,0.036931818
86,H10,H01,桃園市平鎮區-桃園市桃園區,0,0.813953488,0,0,0,0.186046512,0,0
58,H10,H04,桃園市平鎮區-桃園市楊梅區,0.24137931,0.586206897,0,0,0,0.172413793,0,0
14,H10,H05,桃園市平鎮區-桃園市蘆竹區,1,0,0,0,0,0,0,0
37,H10,H12,桃園市平鎮區-桃園市觀音區,0,1,0,0,0,0,0,0
30,H10,H09,桃園市平鎮區-桃園市龍潭區,1,0,0,0,0,0,0,0
30,H10,H07,桃園市平鎮區-桃園市龜山區,1,0,0,0,0,0,0,0
74,H10,A03,桃園市平鎮區-臺北市中正區,0.689189189,0.310810811,0,0,0,0,0,0
14,H10,A15,桃園市平鎮區-臺北市士林區,1,0,0,0,0,0,0,0
20,H10,A02,桃園市平鎮區-臺北市大安區,1,0,0,0,0,0,0,0
16,H10,A11,桃園市平鎮區-臺北市文山區,0,1,0,0,0,0,0,0
16,H10,A01,桃園市平鎮區-臺北市松山區,1,0,0,0,0,0,0,0
16,H13,F14,桃園市復興區-新北市板橋區,1,0,0,0,0,0,0,0
15,H13,H08,桃園市復興區-桃園市八德區,1,0,0,0,0,0,0,0
14,H13,H02,桃園市復興區-桃園市大溪區,1,0,0,0,0,0,0,0
296,H13,H13,桃園市復興區-桃園市復興區,0.814189189,0.185810811,0,0,0,0,0,0
10,H13,H01,桃園市復興區-桃園市桃園區,0,1,0,0,0,0,0,0
20,H13,A03,桃園市復興區-臺北市中正區,0,1,0,0,0,0,0,0
28,H11,H03,桃園市新屋區-桃園市中壢區,0,0.5,0,0,0,0.5,0,0
247,H11,H11,桃園市新屋區-桃園市新屋區,0.259109312,0.534412955,0,0,0,0.068825911,0,0.137651822
73,H11,H04,桃園市新屋區-桃園市楊梅區,0,1,0,0,0,0,0,0
107,H11,H12,桃園市新屋區-桃園市觀音區,0.336448598,0.570093458,0,0,0,0.093457944,0,0
45,H11,A03,桃園市新屋區-臺北市中正區,0.444444444,0.555555556,0,0,0,0,0,0
14,H01,C06,桃園市桃園區-基隆市安樂區,0,0,0,0,0,1,0,0
16,H01,F19,桃園市桃園區-新北市土城區,0,1,0,0,0,0,0,0
16,H01,F14,桃園市桃園區-新北市板橋區,0,0,1,0,0,0,0,0
14,H01,F02,桃園市桃園區-新北市林口區,0,1,0,0,0,0,0,0
14,H01,F17,桃園市桃園區-新北市樹林區,0,0,1,0,0,0,0,0
14,H01,F28,桃園市桃園區-新北市汐止區,0,0,0,0,0,1,0,0
138,H01,H03,桃園市桃園區-桃園市中壢區,0.144927536,0.434782609,0,0,0,0.420289855,0,0
79,H01,H08,桃園市桃園區-桃園市八德區,0.291139241,0.708860759,0,0,0,0,0,0
53,H01,H06,桃園市桃園區-桃園市大園區,1,0,0,0,0,0,0,0
39,H01,H10,桃園市桃園區-桃園市平鎮區,0.641025641,0,0,0,0,0.358974359,0,0
1480,H01,H01,桃園市桃園區-桃園市桃園區,0.112837838,0.7,0,0.010810811,0,0.056081081,0.02027027,0.1
25,H01,H04,桃園市桃園區-桃園市楊梅區,1,0,0,0,0,0,0,0
152,H01,H05,桃園市桃園區-桃園市蘆竹區,0.328947368,0.605263158,0,0,0,0.065789474,0,0
68,H01,H12,桃園市桃園區-桃園市觀音區,0.764705882,0.235294118,0,0,0,0,0,0
172,H01,H07,桃園市桃園區-桃園市龜山區,0.162790698,0.610465116,0,0,0,0.139534884,0.087209302,0
35,H01,A03,桃園市桃園區-臺北市中正區,1,0,0,0,0,0,0,0
14,H01,A17,桃園市桃園區-臺北市信義區,1,0,0,0,0,0,0,0
17,H01,A15,桃園市桃園區-臺北市士林區,0,0,0,0,0,1,0,0
14,H01,A05,桃園市桃園區-臺北市萬華區,0,0,1,0,0,0,0,0
142,H04,H03,桃園市楊梅區-桃園市中壢區,0.14084507,0.788732394,0,0,0,0.070422535,0,0
30,H04,H10,桃園市楊梅區-桃園市平鎮區,0.533333333,0.466666667,0,0,0,0,0,0
28,H04,H11,桃園市楊梅區-桃園市新屋區,1,0,0,0,0,0,0,0
16,H04,H01,桃園市楊梅區-桃園市桃園區,0,1,0,0,0,0,0,0
658,H04,H04,桃園市楊梅區-桃園市楊梅區,0.281155015,0.642857143,0,0,0,0,0,0.075987842
63,H04,H12,桃園市楊梅區-桃園市觀音區,1,0,0,0,0,0,0,0
109,H04,A03,桃園市楊梅區-臺北市中正區,0.486238532,0.275229358,0,0,0,0.23853211,0,0
23,H05,F18,桃園市蘆竹區-新北市中和區,1,0,0,0,0,0,0,0
15,H05,F03,桃園市蘆竹區-新北市五股區,1,0,0,0,0,0,0,0
14,H05,F02,桃園市蘆竹區-新北市林口區,0,1,0,0,0,0,0,0
23,H05,F17,桃園市蘆竹區-新北市樹林區,0,1,0,0,0,0,0,0
30,H05,H03,桃園市蘆竹區-桃園市中壢區,0.466666667,0.533333333,0,0,0,0,0,0
14,H05,H08,桃園市蘆竹區-桃園市八德區,1,0,0,0,0,0,0,0
228,H05,H01,桃園市蘆竹區-桃園市桃園區,0.557017544,0.337719298,0,0,0,0.105263158,0,0
711,H05,H05,桃園市蘆竹區-桃園市蘆竹區,0.386779184,0.53164557,0,0,0,0.035161744,0.022503516,0.023909986
14,H05,H09,桃園市蘆竹區-桃園市龍潭區,1,0,0,0,0,0,0,0
50,H05,H07,桃園市蘆竹區-桃園市龜山區,0,1,0,0,0,0,0,0
20,H05,A10,桃園市蘆竹區-臺北市中山區,1,0,0,0,0,0,0,0
14,H05,A03,桃園市蘆竹區-臺北市中正區,1,0,0,0,0,0,0,0
16,H12,F19,桃園市觀音區-新北市土城區,1,0,0,0,0,0,0,0
16,H12,F02,桃園市觀音區-新北市林口區,1,0,0,0,0,0,0,0
124,H12,H03,桃園市觀音區-桃園市中壢區,0.322580645,0.564516129,0,0,0,0.112903226,0,0
31,H12,H11,桃園市觀音區-桃園市新屋區,0,1,0,0,0,0,0,0
51,H12,H01,桃園市觀音區-桃園市桃園區,1,0,0,0,0,0,0,0
229,H12,H12,桃園市觀音區-桃園市觀音區,0.069868996,0.659388646,0,0,0,0.061135371,0.109170306,0.100436681
14,H12,A03,桃園市觀音區-臺北市中正區,0,1,0,0,0,0,0,0
14,H09,F15,桃園市龍潭區-新北市三峽區,1,0,0,0,0,0,0,0
47,H09,H03,桃園市龍潭區-桃園市中壢區,0.319148936,0.680851064,0,0,0,0,0,0
25,H09,H06,桃園市龍潭區-桃園市大園區,1,0,0,0,0,0,0,0
45,H09,H10,桃園市龍潭區-桃園市平鎮區,0.555555556,0.444444444,0,0,0,0,0,0
20,H09,H01,桃園市龍潭區-桃園市桃園區,1,0,0,0,0,0,0,0
25,H09,H04,桃園市龍潭區-桃園市楊梅區,0,1,0,0,0,0,0,0
508,H09,H09,桃園市龍潭區-桃園市龍潭區,0.37007874,0.440944882,0,0,0,0.033464567,0.062992126,0.092519685
20,H09,A02,桃園市龍潭區-臺北市大安區,1,0,0,0,0,0,0,0
20,H07,F18,桃園市龜山區-新北市中和區,1,0,0,0,0,0,0,0
90,H07,F02,桃園市龜山區-新北市林口區,0.533333333,0.311111111,0,0,0,0.155555556,0,0
16,H07,H03,桃園市龜山區-桃園市中壢區,0,1,0,0,0,0,0,0
25,H07,H08,桃園市龜山區-桃園市八德區,0,1,0,0,0,0,0,0
115,H07,H01,桃園市龜山區-桃園市桃園區,0,0.87826087,0,0,0,0.12173913,0,0
42,H07,H05,桃園市龜山區-桃園市蘆竹區,0.404761905,0.595238095,0,0,0,0,0,0
14,H07,H09,桃園市龜山區-桃園市龍潭區,0,0,0,0,0,1,0,0
363,H07,H07,桃園市龜山區-桃園市龜山區,0.289256198,0.639118457,0,0,0,0.027548209,0.044077135,0
14,H07,A03,桃園市龜山區-臺北市中正區,1,0,0,0,0,0,0,0
14,H07,A14,桃園市龜山區-臺北市內湖區,0,0,0,0,0,1,0,0
10,H07,A16,桃園市龜山區-臺北市北投區,0,1,0,0,0,0,0,0
16,H07,A15,桃園市龜山區-臺北市士林區,1,0,0,0,0,0,0,0
16,H07,A09,桃園市龜山區-臺北市大同區,0,0,0,0,0,1,0,0
34,H07,A02,桃園市龜山區-臺北市大安區,0.588235294,0,0,0,0.411764706,0,0,0
60,A10,F05,臺北市中山區-新北市三重區,0,0,0,0,0.766666667,0.233333333,0,0
39,A10,F18,臺北市中山區-新北市中和區,1,0,0,0,0,0,0,0
17,A10,F07,臺北市中山區-新北市新店區,0,0,0,0,1,0,0,0
36,A10,F02,臺北市中山區-新北市林口區,1,0,0,0,0,0,0,0
23,A10,F33,臺北市中山區-新北市永和區,0,0,0,0,1,0,0,0
444,A10,A10,臺北市中山區-臺北市中山區,0.072072072,0.261261261,0,0,0.204954955,0.162162162,0.072072072,0.227477477
59,A10,A03,臺北市中山區-臺北市中正區,0,0.711864407,0,0,0,0,0.288135593,0
40,A10,A17,臺北市中山區-臺北市信義區,0.4,0,0,0,0.25,0.35,0,0
76,A10,A14,臺北市中山區-臺北市內湖區,0,0,0,0,0.328947368,0.671052632,0,0
16,A10,A15,臺北市中山區-臺北市士林區,0,0,0,0,0,1,0,0
73,A10,A09,臺北市中山區-臺北市大同區,0,0.547945205,0,0,0,0.452054795,0,0
53,A10,A02,臺北市中山區-臺北市大安區,0.264150943,0.264150943,0,0,0.471698113,0,0,0
14,A10,A11,臺北市中山區-臺北市文山區,0,0,0,0,1,0,0,0
112,A10,A01,臺北市中山區-臺北市松山區,0,0.544642857,0,0,0,0.455357143,0,0
14,A03,C01,臺北市中正區-基隆市中正區,0,0,0,0,0,1,0,0
20,A03,F05,臺北市中正區-新北市三重區,0,1,0,0,0,0,0,0
17,A03,F07,臺北市中正區-新北市新店區,0,0,0,0,0,1,0,0
17,A03,F01,臺北市中正區-新北市新莊區,0,0,0,0,1,0,0,0
14,A03,F28,臺北市中正區-新北市汐止區,1,0,0,0,0,0,0,0
10,A03,F27,臺北市中正區-新北市淡水區,0,0,0,0,1,0,0,0
15,A03,H06,臺北市中正區-桃園市大園區,1,0,0,0,0,0,0,0
58,A03,A10,臺北市中正區-臺北市中山區,0.275862069,0,0,0,0.275862069,0.172413793,0.275862069,0
399,A03,A03,臺北市中正區-臺北市中正區,0.040100251,0.243107769,0,0,0.102756892,0.373433584,0.040100251,0.200501253
39,A03,A17,臺北市中正區-臺北市信義區,0,0.641025641,0,0,0.358974359,0,0,0
23,A03,A14,臺北市中正區-臺北市內湖區,0,0,0,0,1,0,0,0
16,A03,A16,臺北市中正區-臺北市北投區,0,0,0,0,1,0,0,0
20,A03,A13,臺北市中正區-臺北市南港區,1,0,0,0,0,0,0,0
34,A03,A15,臺北市中正區-臺北市士林區,0.588235294,0,0,0,0.411764706,0,0,0
98,A03,A02,臺北市中正區-臺北市大安區,0,0.163265306,0,0,0.520408163,0.163265306,0.153061224,0
58,A03,A01,臺北市中正區-臺北市松山區,0,0,0,0,1,0,0,0
33,A03,A05,臺北市中正區-臺北市萬華區,0,0.484848485,0,0,0,0.515151515,0,0
16,A17,F05,臺北市信義區-新北市三重區,0,1,0,0,0,0,0,0
70,A17,F18,臺北市信義區-新北市中和區,0.571428571,0.228571429,0,0,0.2,0,0,0
14,A17,F03,臺北市信義區-新北市五股區,0,0,0,0,0,1,0,0
14,A17,F19,臺北市信義區-新北市土城區,0,0,0,0,1,0,0,0
25,A17,F17,臺北市信義區-新北市樹林區,0,0,1,0,0,0,0,0
14,A17,F09,臺北市信義區-新北市深坑區,0,0,0,0,0,1,0,0
86,A17,A10,臺北市信義區-臺北市中山區,0.290697674,0.441860465,0,0,0.26744186,0,0,0
72,A17,A03,臺北市信義區-臺北市中正區,0,0.222222222,0,0,0.777777778,0,0,0
277,A17,A17,臺北市信義區-臺北市信義區,0.057761733,0.386281588,0,0,0.054151625,0.162454874,0.057761733,0.281588448
66,A17,A14,臺北市信義區-臺北市內湖區,0,0.515151515,0,0,0.484848485,0,0,0
46,A17,A13,臺北市信義區-臺北市南港區,0,0.673913043,0,0,0.326086957,0,0,0
54,A17,A15,臺北市信義區-臺北市士林區,0.277777778,0.722222222,0,0,0,0,0,0
28,A17,A09,臺北市信義區-臺北市大同區,0,0,0,0,1,0,0,0
167,A17,A02,臺北市信義區-臺北市大安區,0,0.425149701,0,0,0,0.574850299,0,0
104,A17,A01,臺北市信義區-臺北市松山區,0.192307692,0,0,0,0,0.807692308,0,0
25,A14,C07,臺北市內湖區-基隆市信義區,0,0,0,0,0,1,0,0
46,A14,F05,臺北市內湖區-新北市三重區,0.304347826,0,0,0,0,0.695652174,0,0
50,A14,F01,臺北市內湖區-新北市新莊區,0.72,0,0,0,0.28,0,0,0
16,A14,F14,臺北市內湖區-新北市板橋區,0,0,0,0,1,0,0,0
16,A14,F02,臺北市內湖區-新北市林口區,1,0,0,0,0,0,0,0
16,A14,F28,臺北市內湖區-新北市汐止區,0,0,0,0,1,0,0,0
14,A14,H04,臺北市內湖區-桃園市楊梅區,1,0,0,0,0,0,0,0
20,A14,H12,臺北市內湖區-桃園市觀音區,1,0,0,0,0,0,0,0
158,A14,A10,臺北市內湖區-臺北市中山區,0.094936709,0.291139241,0,0,0.316455696,0.297468354,0,0
17,A14,A03,臺北市內湖區-臺北市中正區,0,0,0,0,1,0,0,0
100,A14,A17,臺北市內湖區-臺北市信義區,0.16,0.16,0,0,0.4,0.28,0,0
459,A14,A14,臺北市內湖區-臺北市內湖區,0.17211329,0.326797386,0,0,0.117647059,0.281045752,0,0.102396514
23,A14,A16,臺北市內湖區-臺北市北投區,0,0,0,0,1,0,0,0
103,A14,A13,臺北市內湖區-臺北市南港區,0.223300971,0.13592233,0,0,0.291262136,0.349514563,0,0
54,A14,A15,臺北市內湖區-臺北市士林區,0.277777778,0.462962963,0,0,0,0.259259259,0,0
30,A14,A09,臺北市內湖區-臺北市大同區,0.533333333,0.466666667,0,0,0,0,0,0
33,A14,A02,臺北市內湖區-臺北市大安區,0,0,0,0,0,1,0,0
66,A14,A01,臺北市內湖區-臺北市松山區,0,0.515151515,0,0,0,0.484848485,0,0
88,A16,F05,臺北市北投區-新北市三重區,0.352272727,0.647727273,0,0,0,0,0,0
16,A16,F18,臺北市北投區-新北市中和區,0,1,0,0,0,0,0,0
39,A16,F07,臺北市北投區-新北市新店區,0,0,0,0,1,0,0,0
32,A16,F01,臺北市北投區-新北市新莊區,0.5,0.5,0,0,0,0,0,0
14,A16,F28,臺北市北投區-新北市汐止區,0,1,0,0,0,0,0,0
30,A16,F06,臺北市北投區-新北市泰山區,0,1,0,0,0,0,0,0
40,A16,F27,臺北市北投區-新北市淡水區,0.4,0,0,0,0.35,0.25,0,0
14,A16,F04,臺北市北投區-新北市蘆洲區,0,0,0,0,1,0,0,0
61,A16,A10,臺北市北投區-臺北市中山區,0.229508197,0.262295082,0,0,0.508196721,0,0,0
178,A16,A03,臺北市北投區-臺北市中正區,0.370786517,0.08988764,0,0,0.539325843,0,0,0
14,A16,A17,臺北市北投區-臺北市信義區,0,0,0,0,1,0,0,0
93,A16,A14,臺北市北投區-臺北市內湖區,0.268817204,0.580645161,0,0,0.150537634,0,0,0
618,A16,A16,臺北市北投區-臺北市北投區,0,0.480582524,0,0,0.139158576,0.121359223,0.027508091,0.231391586
25,A16,A13,臺北市北投區-臺北市南港區,0,0,0,0,1,0,0,0
190,A16,A15,臺北市北投區-臺北市士林區,0.336842105,0.342105263,0,0,0.157894737,0.073684211,0.089473684,0
86,A16,A09,臺北市北投區-臺北市大同區,0,0.290697674,0,0,0.709302326,0,0,0
87,A16,A02,臺北市北投區-臺北市大安區,0.172413793,0.183908046,0,0,0.643678161,0,0,0
14,A16,A11,臺北市北投區-臺北市文山區,0,1,0,0,0,0,0,0
31,A16,A01,臺北市北投區-臺北市松山區,0,0,0,0,1,0,0,0
20,A16,A05,臺北市北投區-臺北市萬華區,0,0,0,0,1,0,0,0
25,A13,C02,臺北市南港區-基隆市七堵區,0.6,0,0.4,0,0,0,0,0
17,A13,F18,臺北市南港區-新北市中和區,0,0,0,0,0,1,0,0
39,A13,F28,臺北市南港區-新北市汐止區,0.358974359,0.641025641,0,0,0,0,0,0
20,A13,F27,臺北市南港區-新北市淡水區,1,0,0,0,0,0,0,0
14,A13,F21,臺北市南港區-新北市瑞芳區,1,0,0,0,0,0,0,0
42,A13,A10,臺北市南港區-臺北市中山區,0,0,0,0,0.380952381,0.619047619,0,0
89,A13,A03,臺北市南港區-臺北市中正區,0.157303371,0.224719101,0,0,0.438202247,0.179775281,0,0
104,A13,A17,臺北市南港區-臺北市信義區,0.192307692,0,0,0,0.423076923,0.384615385,0,0
36,A13,A14,臺北市南港區-臺北市內湖區,0,1,0,0,0,0,0,0
237,A13,A13,臺北市南港區-臺北市南港區,0.168776371,0.438818565,0,0,0.126582278,0.130801688,0,0.135021097
20,A13,A15,臺北市南港區-臺北市士林區,0,0,0,0,1,0,0,0
16,A13,A09,臺北市南港區-臺北市大同區,0,0,0,0,1,0,0,0
16,A13,A02,臺北市南港區-臺北市大安區,0,0,0,0,1,0,0,0
126,A13,A01,臺北市南港區-臺北市松山區,0,0.634920635,0,0,0.119047619,0.246031746,0,0
15,A15,F15,臺北市士林區-新北市三峽區,0,0,0,0,1,0,0,0
39,A15,F05,臺北市士林區-新北市三重區,0,0.641025641,0,0,0,0.358974359,0,0
35,A15,F18,臺北市士林區-新北市中和區,0,0.714285714,0,0.285714286,0,0,0,0
29,A15,F03,臺北市士林區-新北市五股區,1,0,0,0,0,0,0,0
16,A15,F02,臺北市士林區-新北市林口區,0,0,0,0,0,1,0,0
47,A15,F27,臺北市士林區-新北市淡水區,0.659574468,0,0,0,0.340425532,0,0,0
16,A15,H07,臺北市士林區-桃園市龜山區,1,0,0,0,0,0,0,0
50,A15,A10,臺北市士林區-臺北市中山區,0,0.72,0,0,0,0.28,0,0
105,A15,A03,臺北市士林區-臺北市中正區,0.161904762,0.133333333,0,0,0.4,0.304761905,0,0
91,A15,A17,臺北市士林區-臺北市信義區,0,0.549450549,0,0,0.450549451,0,0,0
107,A15,A14,臺北市士林區-臺北市內湖區,0.38317757,0.46728972,0,0,0,0.14953271,0,0
109,A15,A16,臺北市士林區-臺北市北投區,0.633027523,0.211009174,0,0,0,0.155963303,0,0
40,A15,A13,臺北市士林區-臺北市南港區,0.5,0,0,0,0.5,0,0,0
443,A15,A15,臺北市士林區-臺北市士林區,0.171557562,0.388261851,0,0,0.031602709,0.214446953,0.045146727,0.148984199
78,A15,A09,臺北市士林區-臺北市大同區,0,0.782051282,0,0,0,0.217948718,0,0
76,A15,A02,臺北市士林區-臺北市大安區,0,0.460526316,0,0,0.539473684,0,0,0
44,A15,A11,臺北市士林區-臺北市文山區,0,0.636363636,0,0,0.363636364,0,0,0
33,A15,A01,臺北市士林區-臺北市松山區,0,0.484848485,0,0,0.515151515,0,0,0
16,A15,A05,臺北市士林區-臺北市萬華區,0,0,0,0,1,0,0,0
14,A09,F05,臺北市大同區-新北市三重區,0,0,0,0,1,0,0,0
42,A09,F14,臺北市大同區-新北市板橋區,0,0.380952381,0,0,0.238095238,0.380952381,0,0
17,A09,F04,臺北市大同區-新北市蘆洲區,0,0,0,0,0,1,0,0
17,A09,H01,臺北市大同區-桃園市桃園區,0,0,0,0,0,1,0,0
87,A09,A10,臺北市大同區-臺北市中山區,0,0.471264368,0,0.16091954,0,0.195402299,0,0.172413793
34,A09,A17,臺北市大同區-臺北市信義區,0,1,0,0,0,0,0,0
30,A09,A14,臺北市大同區-臺北市內湖區,0,0.533333333,0,0,0.466666667,0,0,0
14,A09,A13,臺北市大同區-臺北市南港區,0,0,0,0,1,0,0,0
26,A09,A15,臺北市大同區-臺北市士林區,0,0.615384615,0,0,0,0.384615385,0,0
164,A09,A09,臺北市大同區-臺北市大同區,0,0.737804878,0,0,0,0.097560976,0,0.164634146
15,A09,A02,臺北市大同區-臺北市大安區,0,0,0,0,0,0,1,0
42,A09,A01,臺北市大同區-臺北市松山區,0,0.595238095,0,0,0,0.404761905,0,0
16,A09,A05,臺北市大同區-臺北市萬華區,0,1,0,0,0,0,0,0
14,A02,C01,臺北市大安區-基隆市中正區,1,0,0,0,0,0,0,0
10,A02,F18,臺北市大安區-新北市中和區,0,0,0,0,0,1,0,0
14,A02,F02,臺北市大安區-新北市林口區,1,0,0,0,0,0,0,0
10,A02,F33,臺北市大安區-新北市永和區,0,0,0,0,0,1,0,0
14,A02,F08,臺北市大安區-新北市石碇區,0,0,0,0,0,1,0,0
23,A02,H01,臺北市大安區-桃園市桃園區,1,0,0,0,0,0,0,0
10,A02,H04,臺北市大安區-桃園市楊梅區,0,0,1,0,0,0,0,0
16,A02,H05,臺北市大安區-桃園市蘆竹區,1,0,0,0,0,0,0,0
140,A02,A10,臺北市大安區-臺北市中山區,0,0,0,0.121428571,0.457142857,0.278571429,0.142857143,0
46,A02,A03,臺北市大安區-臺北市中正區,0,0.347826087,0,0,0,0.347826087,0.304347826,0
136,A02,A17,臺北市大安區-臺北市信義區,0.110294118,0.779411765,0,0,0,0.110294118,0,0
65,A02,A14,臺北市大安區-臺北市內湖區,0,0.246153846,0,0,0.753846154,0,0,0
29,A02,A16,臺北市大安區-臺北市北投區,0,0,0,0,1,0,0,0
62,A02,A13,臺北市大安區-臺北市南港區,0.274193548,0,0,0,0.451612903,0.274193548,0,0
16,A02,A15,臺北市大安區-臺北市士林區,0,0,0,0,0,1,0,0
53,A02,A09,臺北市大安區-臺北市大同區,0,0,0,0,1,0,0,0
577,A02,A02,臺北市大安區-臺北市大安區,0.027729636,0.279029463,0,0,0.150779896,0.124783362,0.393414211,0.024263432
64,A02,A11,臺北市大安區-臺北市文山區,0,0.75,0,0,0.25,0,0,0
82,A02,A01,臺北市大安區-臺北市松山區,0.243902439,0,0,0,0.37804878,0.37804878,0,0
25,A11,F18,臺北市文山區-新北市中和區,0,0.6,0,0,0.4,0,0,0
70,A11,F07,臺北市文山區-新北市新店區,0.228571429,0.2,0,0,0,0.571428571,0,0
16,A11,F02,臺北市文山區-新北市林口區,1,0,0,0,0,0,0,0
23,A11,F28,臺北市文山區-新北市汐止區,0,0,0,0,1,0,0,0
16,A11,F27,臺北市文山區-新北市淡水區,0,0,0,0,1,0,0,0
14,A11,F09,臺北市文山區-新北市深坑區,0,1,0,0,0,0,0,0
17,A11,F08,臺北市文山區-新北市石碇區,1,0,0,0,0,0,0,0
14,A11,H04,臺北市文山區-桃園市楊梅區,1,0,0,0,0,0,0,0
100,A11,A10,臺北市文山區-臺北市中山區,0,0.2,0,0,0.49,0.31,0,0
155,A11,A03,臺北市文山區-臺北市中正區,0.180645161,0.232258065,0,0,0,0.483870968,0.103225806,0
120,A11,A17,臺北市文山區-臺北市信義區,0,0.783333333,0,0,0,0.216666667,0,0
72,A11,A14,臺北市文山區-臺北市內湖區,0.777777778,0,0,0,0.222222222,0,0,0
31,A11,A15,臺北市文山區-臺北市士林區,0,0,0,0,0.483870968,0.516129032,0,0
16,A11,A09,臺北市文山區-臺北市大同區,0,0,0,0,1,0,0,0
184,A11,A02,臺北市文山區-臺北市大安區,0.125,0.456521739,0,0,0.092391304,0.239130435,0.086956522,0
504,A11,A11,臺北市文山區-臺北市文山區,0.123015873,0.367063492,0,0,0,0.287698413,0.087301587,0.134920635
54,A11,A01,臺北市文山區-臺北市松山區,0.555555556,0.259259259,0,0,0.185185185,0,0,0
31,A01,F05,臺北市松山區-新北市三重區,0,0.483870968,0,0,0,0.516129032,0,0
14,A01,F18,臺北市松山區-新北市中和區,1,0,0,0,0,0,0,0
16,A01,F03,臺北市松山區-新北市五股區,1,0,0,0,0,0,0,0
14,A01,F19,臺北市松山區-新北市土城區,0,0,0,0,1,0,0,0
37,A01,F14,臺北市松山區-新北市板橋區,0,0,0,0,0.378378378,0.621621622,0,0
10,A01,F33,臺北市松山區-新北市永和區,0,0,0,0,1,0,0,0
17,A01,F21,臺北市松山區-新北市瑞芳區,0,0,0,0,0,1,0,0
109,A01,A10,臺北市松山區-臺北市中山區,0,0.47706422,0,0,0,0.366972477,0.155963303,0
16,A01,A03,臺北市松山區-臺北市中正區,0,0,0,0,1,0,0,0
96,A01,A17,臺北市松山區-臺北市信義區,0,0.541666667,0,0,0.166666667,0.291666667,0,0
110,A01,A14,臺北市松山區-臺北市內湖區,0.290909091,0.127272727,0,0,0.445454545,0.136363636,0,0
10,A01,A16,臺北市松山區-臺北市北投區,0,0,0,0,1,0,0,0
32,A01,A13,臺北市松山區-臺北市南港區,0,0,0,0,0,1,0,0
30,A01,A02,臺北市松山區-臺北市大安區,0,0,0,0,0,0.466666667,0,0.533333333
386,A01,A01,臺北市松山區-臺北市松山區,0.064766839,0.199481865,0,0,0.082901554,0.321243523,0.207253886,0.124352332
33,A01,A05,臺北市松山區-臺北市萬華區,0,0,0,0,0.484848485,0.515151515,0,0
25,A05,F05,臺北市萬華區-新北市三重區,1,0,0,0,0,0,0,0
20,A05,F18,臺北市萬華區-新北市中和區,0,1,0,0,0,0,0,0
25,A05,F07,臺北市萬華區-新北市新店區,0,0,0,0,1,0,0,0
34,A05,F14,臺北市萬華區-新北市板橋區,1,0,0,0,0,0,0,0
14,A05,F02,臺北市萬華區-新北市林口區,0,1,0,0,0,0,0,0
20,A05,F33,臺北市萬華區-新北市永和區,0,1,0,0,0,0,0,0
14,A05,F08,臺北市萬華區-新北市石碇區,1,0,0,0,0,0,0,0
16,A05,F26,臺北市萬華區-新北市萬里區,1,0,0,0,0,0,0,0
16,A05,A10,臺北市萬華區-臺北市中山區,0,1,0,0,0,0,0,0
168,A05,A03,臺北市萬華區-臺北市中正區,0,0.880952381,0,0,0,0.119047619,0,0
25,A05,A17,臺北市萬華區-臺北市信義區,0,0,0,0,0.4,0.6,0,0
86,A05,A14,臺北市萬華區-臺北市內湖區,0,0.476744186,0,0,0.523255814,0,0,0
105,A05,A02,臺北市萬華區-臺北市大安區,0.238095238,0.457142857,0,0,0,0.304761905,0,0
14,A05,A11,臺北市萬華區-臺北市文山區,0,0,0,0,0,1,0,0
17,A05,A01,臺北市萬華區-臺北市松山區,0,0,0,1,0,0,0,0
400,A05,A05,臺北市萬華區-臺北市萬華區,0.04,0.35,0,0,0.1175,0.105,0.075,0.3125
